label,bin_count,sample_count,weighted_abs_gap,max_abs_gap,mean_predicted_rate,mean_empirical_rate
empate,5,2570,0.024132,0.111641,0.233025,0.240467
casa,10,2570,0.022696,0.069399,0.596683,0.580934
fora,10,2570,0.017898,0.066102,0.170291,0.178599
